rem EE 562 Project 1
rem Songrui Li
rem LI884

/*Step1: insert data to STUDENT table */
INSERT INTO STUDENT VALUES (1, 'John', 'EE', 'FR', 18);
INSERT INTO STUDENT VALUES (2, 'Tim', 'EE', 'FR', 19);
INSERT INTO STUDENT VALUES (3, 'Richard', 'EE', 'SO', 20);
INSERT INTO STUDENT VALUES (4, 'Edward', 'EE', 'SO', 21);
INSERT INTO STUDENT VALUES (5, 'Alber', 'CS', 'JR', 22);
INSERT INTO STUDENT VALUES (6, 'Mary', 'EE', 'JR', 22);
INSERT INTO STUDENT VALUES (7, 'Jack', 'EE', 'SR', 23);
INSERT INTO STUDENT VALUES (8, 'Julian', 'EE', 'SR', 22);
INSERT INTO STUDENT VALUES (9, 'Sam', 'CS', 'SR', 24);
INSERT INTO STUDENT VALUES (10,'Ram', 'EE', 'SR', 23);
INSERT INTO STUDENT VALUES (11,'Rick', 'EE', 'SR', 24);

/*Step2: insert data to CLASS table */
ALTER SESSION SET NLS_DATE_FORMAT = 'HH24:MI';
INSERT INTO CLASS VALUES ('EE101', '9:00', '117', 1);
INSERT INTO CLASS VALUES ('CS102', '10:00', '117', 2);
INSERT INTO CLASS VALUES ('EE104', '13:00', '117', 3);
INSERT INTO CLASS VALUES ('EE151', '15:00', '117', 4);
INSERT INTO CLASS VALUES ('EE261', '8:00', '118', 4);
INSERT INTO CLASS VALUES ('MA365', '10:00', '118', 5);
INSERT INTO CLASS VALUES ('EE347', '13:00', '118', 1);
INSERT INTO CLASS VALUES ('EE404', '9:00', '115', 3);
INSERT INTO CLASS VALUES ('MA448', '12:00', '115', 5);
INSERT INTO CLASS VALUES ('CS480', '13:00', '115', 1);

/*Step3: insert data to FACULTY table */
INSERT INTO FACULTY VALUES (1, 'Prof.James', 'EE');
INSERT INTO FACULTY VALUES (2, 'Prof.Brown', 'CS');
INSERT INTO FACULTY VALUES (3, 'Prof.Wasfi', 'EE');
INSERT INTO FACULTY VALUES (4, 'Prof.Latif', 'EE');
INSERT INTO FACULTY VALUES (5, 'Prof.Rutherford', 'MA');

/*Step4: insert data to ENROLLED table */
INSERT INTO ENROLLED VALUES ('EE101', 1);
INSERT INTO ENROLLED VALUES ('EE101', 2);
INSERT INTO ENROLLED VALUES ('EE101', 3);
INSERT INTO ENROLLED VALUES ('EE101', 4);
INSERT INTO ENROLLED VALUES ('CS102', 1);
INSERT INTO ENROLLED VALUES ('CS102', 2);
INSERT INTO ENROLLED VALUES ('CS102', 4);
INSERT INTO ENROLLED VALUES ('EE104', 1);
INSERT INTO ENROLLED VALUES ('EE104', 2);
INSERT INTO ENROLLED VALUES ('EE104', 3);
INSERT INTO ENROLLED VALUES ('EE151', 4);
INSERT INTO ENROLLED VALUES ('EE151', 5);
INSERT INTO ENROLLED VALUES ('EE151', 6);
INSERT INTO ENROLLED VALUES ('EE261', 1);
INSERT INTO ENROLLED VALUES ('EE261', 2);
INSERT INTO ENROLLED VALUES ('EE261', 3);
INSERT INTO ENROLLED VALUES ('EE261', 4);
INSERT INTO ENROLLED VALUES ('EE261', 5);
INSERT INTO ENROLLED VALUES ('EE261', 7);
INSERT INTO ENROLLED VALUES ('MA365', 5);
INSERT INTO ENROLLED VALUES ('MA365', 6);
INSERT INTO ENROLLED VALUES ('MA365', 7);
INSERT INTO ENROLLED VALUES ('MA365', 8);
INSERT INTO ENROLLED VALUES ('EE347', 5);
INSERT INTO ENROLLED VALUES ('EE347', 7);
INSERT INTO ENROLLED VALUES ('EE347', 8);
INSERT INTO ENROLLED VALUES ('EE347', 9);
INSERT INTO ENROLLED VALUES ('EE404', 9);
INSERT INTO ENROLLED VALUES ('EE404', 10);
INSERT INTO ENROLLED VALUES ('EE404', 7);
INSERT INTO ENROLLED VALUES ('MA448', 7);
INSERT INTO ENROLLED VALUES ('MA448', 8);
INSERT INTO ENROLLED VALUES ('MA448', 9);
INSERT INTO ENROLLED VALUES ('MA448', 10);
INSERT INTO ENROLLED VALUES ('CS480', 6);
INSERT INTO ENROLLED VALUES ('CS480', 7);
INSERT INTO ENROLLED VALUES ('CS480', 8);
INSERT INTO ENROLLED VALUES ('CS480', 9);

/*Step5: insert data to PREREQUISITE table */
INSERT INTO PREREQUISITE VALUES ('EE645', 'EE600');
INSERT INTO PREREQUISITE VALUES ('EE600', 'EE302');
INSERT INTO PREREQUISITE VALUES ('EE302', 'EE301');
INSERT INTO PREREQUISITE VALUES ('EE645', 'MA532');
INSERT INTO PREREQUISITE VALUES ('EE261', 'EE101');
INSERT INTO PREREQUISITE VALUES ('EE261', 'EE151');
INSERT INTO PREREQUISITE VALUES ('EE347', 'EE104');
INSERT INTO PREREQUISITE VALUES ('MA448', 'MA365');
INSERT INTO PREREQUISITE VALUES ('EE404', 'EE347');
INSERT INTO PREREQUISITE VALUES ('EE448', 'EE261');
INSERT INTO PREREQUISITE VALUES ('EE448', 'MA448');
INSERT INTO PREREQUISITE VALUES ('CS480', 'CS102');


/*END*/


